Conversation ID,A_coherence,B_coherence,B_minus_A_coherence,A_relevance,B_relevance,B_minus_A_relevance,A_plausibility,B_plausibility,B_minus_A_plausibility,A_conversational_appropriateness,B_conversational_appropriateness,B_minus_A_conversational_appropriateness,A_contextual_fit,B_contextual_fit,B_minus_A_contextual_fit,A_Overall,B_Overall,B_minus_A_Overall
9bzgsc,5.0,4.0,-1.0,4.0,3.0,-1.0,4.0,4.0,0.0,4.0,3.0,-1.0,3.0,3.0,0.0,4.0,3.4,-0.6000000000000001
9c2b2l,3.0,5.0,2.0,3.0,5.0,2.0,3.0,5.0,2.0,3.0,5.0,2.0,2.0,5.0,3.0,2.8,5.0,2.2
9cm42g,4.0,4.0,0.0,4.0,4.0,0.0,4.0,3.0,-1.0,4.0,3.0,-1.0,4.0,4.0,0.0,4.0,3.6,-0.3999999999999999
9cs6u7,4.0,2.0,-2.0,4.0,4.0,0.0,4.0,3.0,-1.0,4.0,2.0,-2.0,4.0,4.0,0.0,4.0,3.0,-1.0
9ctrfg,5.0,5.0,0.0,5.0,5.0,0.0,5.0,5.0,0.0,5.0,5.0,0.0,4.0,5.0,1.0,4.8,5.0,0.20000000000000018
9cw98c,4.0,5.0,1.0,4.0,5.0,1.0,4.0,5.0,1.0,4.0,5.0,1.0,4.0,5.0,1.0,4.0,5.0,1.0
9cz8n4,4.0,4.0,0.0,3.0,4.0,1.0,4.0,4.0,0.0,3.0,4.0,1.0,2.0,4.0,2.0,3.2,4.0,0.7999999999999998
9dvqas,3.0,4.0,1.0,3.0,4.0,1.0,3.0,4.0,1.0,2.0,4.0,2.0,3.0,4.0,1.0,2.8,4.0,1.2000000000000002
9e03od,4.0,5.0,1.0,4.0,5.0,1.0,4.0,5.0,1.0,4.0,5.0,1.0,3.0,4.0,1.0,3.8,4.8,1.0
9e6bp9,4.0,5.0,1.0,4.0,5.0,1.0,4.0,5.0,1.0,4.0,5.0,1.0,4.0,5.0,1.0,4.0,5.0,1.0
9e9usd,4.0,5.0,1.0,4.0,5.0,1.0,4.0,5.0,1.0,4.0,5.0,1.0,3.0,4.0,1.0,3.8,4.8,1.0
9el5e5,5.0,4.0,-1.0,4.0,4.0,0.0,4.0,4.0,0.0,4.0,4.0,0.0,4.0,4.0,0.0,4.2,4.0,-0.20000000000000018
9es2dn,4.0,5.0,1.0,4.0,5.0,1.0,4.0,5.0,1.0,4.0,5.0,1.0,4.0,5.0,1.0,4.0,5.0,1.0
9eu3mf,5.0,5.0,0.0,4.0,5.0,1.0,4.0,5.0,1.0,4.0,5.0,1.0,4.0,5.0,1.0,4.2,5.0,0.7999999999999998
9f1qfd,4.0,4.0,0.0,4.0,4.0,0.0,4.0,4.0,0.0,4.0,4.0,0.0,4.0,4.0,0.0,4.0,4.0,0.0
9f4wpa,5.0,5.0,0.0,5.0,5.0,0.0,5.0,5.0,0.0,5.0,5.0,0.0,4.0,5.0,1.0,4.8,5.0,0.20000000000000018
9ff9y7,5.0,4.0,-1.0,5.0,4.0,-1.0,5.0,4.0,-1.0,5.0,4.0,-1.0,5.0,3.0,-2.0,5.0,3.8,-1.2000000000000002
9flcm9,4.0,5.0,1.0,4.0,5.0,1.0,4.0,5.0,1.0,4.0,5.0,1.0,4.0,5.0,1.0,4.0,5.0,1.0
9frptq,4.0,5.0,1.0,3.0,5.0,2.0,4.0,5.0,1.0,4.0,5.0,1.0,3.0,5.0,2.0,3.6,5.0,1.4
9fu13t,4.0,5.0,1.0,4.0,5.0,1.0,4.0,5.0,1.0,4.0,5.0,1.0,4.0,5.0,1.0,4.0,5.0,1.0
9g664j,5.0,5.0,0.0,5.0,5.0,0.0,4.0,5.0,1.0,4.0,5.0,1.0,4.0,5.0,1.0,4.4,5.0,0.5999999999999996
9g6c6s,4.0,5.0,1.0,4.0,5.0,1.0,3.0,5.0,2.0,3.0,5.0,2.0,3.0,5.0,2.0,3.4,5.0,1.6
9ga7rk,4.0,5.0,1.0,3.0,5.0,2.0,2.0,5.0,3.0,2.0,5.0,3.0,2.0,5.0,3.0,2.6,5.0,2.4
9gciku,5.0,5.0,0.0,5.0,4.0,-1.0,5.0,5.0,0.0,5.0,5.0,0.0,4.0,4.0,0.0,4.8,4.6,-0.20000000000000018
9gmvf1,4.0,4.0,0.0,3.0,4.0,1.0,4.0,4.0,0.0,4.0,4.0,0.0,2.0,4.0,2.0,3.4,4.0,0.6000000000000001
9gpngr,4.0,5.0,1.0,4.0,5.0,1.0,4.0,5.0,1.0,4.0,5.0,1.0,3.0,4.0,1.0,3.8,4.8,1.0
9guiia,4.0,2.0,-2.0,4.0,4.0,0.0,4.0,3.0,-1.0,4.0,2.0,-2.0,3.0,4.0,1.0,3.8,3.0,-0.7999999999999998
9gy2le,5.0,5.0,0.0,5.0,5.0,0.0,5.0,5.0,0.0,5.0,5.0,0.0,4.0,5.0,1.0,4.8,5.0,0.20000000000000018
9h343n,5.0,5.0,0.0,5.0,5.0,0.0,5.0,5.0,0.0,5.0,5.0,0.0,5.0,5.0,0.0,5.0,5.0,0.0
9h6edx,4.0,4.0,0.0,3.0,4.0,1.0,4.0,4.0,0.0,3.0,4.0,1.0,3.0,4.0,1.0,3.4,4.0,0.6000000000000001
9h83te,5.0,3.0,-2.0,5.0,3.0,-2.0,5.0,3.0,-2.0,5.0,3.0,-2.0,4.0,3.0,-1.0,4.8,3.0,-1.7999999999999998
9hfibd,3.0,3.0,0.0,4.0,4.0,0.0,3.0,3.0,0.0,3.0,3.0,0.0,4.0,3.0,-1.0,3.4,3.2,-0.19999999999999973
9hptpw,3.0,3.0,0.0,4.0,4.0,0.0,3.0,3.0,0.0,3.0,3.0,0.0,4.0,4.0,0.0,3.4,3.4,0.0
9hrh82,5.0,5.0,0.0,5.0,5.0,0.0,5.0,5.0,0.0,5.0,5.0,0.0,4.0,5.0,1.0,4.8,5.0,0.20000000000000018
9i5u2e,5.0,3.0,-2.0,5.0,4.0,-1.0,5.0,4.0,-1.0,5.0,3.0,-2.0,5.0,4.0,-1.0,5.0,3.6,-1.4
9ic1pf,4.0,5.0,1.0,3.0,5.0,2.0,4.0,5.0,1.0,4.0,5.0,1.0,2.0,4.0,2.0,3.4,4.8,1.4
9ih9pe,5.0,5.0,0.0,5.0,5.0,0.0,5.0,5.0,0.0,5.0,5.0,0.0,5.0,5.0,0.0,5.0,5.0,0.0
9iiano,4.0,5.0,1.0,4.0,5.0,1.0,4.0,5.0,1.0,4.0,5.0,1.0,3.0,5.0,2.0,3.8,5.0,1.2000000000000002
9iix20,4.0,4.0,0.0,3.0,4.0,1.0,3.0,4.0,1.0,3.0,4.0,1.0,2.0,4.0,2.0,3.0,4.0,1.0
9ikuhq,5.0,3.0,-2.0,5.0,4.0,-1.0,5.0,4.0,-1.0,5.0,3.0,-2.0,5.0,4.0,-1.0,5.0,3.6,-1.4
9itx1t,4.0,4.0,0.0,4.0,4.0,0.0,4.0,4.0,0.0,4.0,4.0,0.0,4.0,4.0,0.0,4.0,4.0,0.0
9iuj7e,4.0,5.0,1.0,3.0,5.0,2.0,4.0,5.0,1.0,3.0,5.0,2.0,2.0,5.0,3.0,3.2,5.0,1.7999999999999998
9j2en2,5.0,5.0,0.0,5.0,5.0,0.0,5.0,5.0,0.0,5.0,5.0,0.0,5.0,5.0,0.0,5.0,5.0,0.0
9j7hqs,5.0,5.0,0.0,5.0,5.0,0.0,5.0,5.0,0.0,5.0,5.0,0.0,5.0,5.0,0.0,5.0,5.0,0.0
9jem8g,4.0,4.0,0.0,4.0,4.0,0.0,4.0,4.0,0.0,4.0,4.0,0.0,3.0,4.0,1.0,3.8,4.0,0.20000000000000018
9jgml1,4.0,5.0,1.0,3.0,5.0,2.0,4.0,5.0,1.0,4.0,5.0,1.0,2.0,5.0,3.0,3.4,5.0,1.6
9jhyoj,2.0,5.0,3.0,2.0,5.0,3.0,2.0,5.0,3.0,2.0,5.0,3.0,2.0,5.0,3.0,2.0,5.0,3.0
9js2im,5.0,5.0,0.0,4.0,5.0,1.0,4.0,5.0,1.0,4.0,5.0,1.0,2.0,5.0,3.0,3.8,5.0,1.2000000000000002
9k06va,3.0,5.0,2.0,3.0,5.0,2.0,3.0,5.0,2.0,3.0,5.0,2.0,3.0,5.0,2.0,3.0,5.0,2.0
9k0m0n,5.0,5.0,0.0,4.0,5.0,1.0,4.0,5.0,1.0,4.0,5.0,1.0,3.0,4.0,1.0,4.0,4.8,0.7999999999999998
